DATE,measure,value
19600101,unemployment_rate,6.17590466141146
19600201,unemployment_rate,5.78049874000897
19600301,unemployment_rate,6.20167027528611
19600401,unemployment_rate,5.26507615909125
19600501,unemployment_rate,4.92708693885536
19600601,unemployment_rate,5.95304393704018
19600701,unemployment_rate,5.55849811676083
19600801,unemployment_rate,5.34506990161994
19600901,unemployment_rate,4.8243126250112
19601001,unemployment_rate,5.1350704520298
19601101,unemployment_rate,5.7291200429684
19601201,unemployment_rate,6.51002468541152
19610101,unemployment_rate,7.83370268055008
19610201,unemployment_rate,8.28416652834573
19610301,unemployment_rate,7.84530882859153
19610401,unemployment_rate,7.05578574431034
19610501,unemployment_rate,6.68955982696339
19610601,unemployment_rate,7.44138339521244
19610701,unemployment_rate,6.99937453635689
19610801,unemployment_rate,6.26872214510119
19610901,unemployment_rate,5.77920916085167
19611001,unemployment_rate,5.50960926750603
19611101,unemployment_rate,5.65743327587232
19611201,unemployment_rate,5.87899457624063
19620101,unemployment_rate,6.79495162735598
19620201,unemployment_rate,6.52203451243263
19620301,unemployment_rate,6.29130121350475
19620401,unemployment_rate,5.57618024138398
19620501,unemployment_rate,5.10681949957629
19620601,unemployment_rate,5.92424638818639
19620701,unemployment_rate,5.43704891740176
19620801,unemployment_rate,5.38662790697674
19620901,unemployment_rate,4.89795918367347
19621001,unemployment_rate,4.57067993464148
19621101,unemployment_rate,5.28150292432209
19621201,unemployment_rate,5.36517312515769
19630101,unemployment_rate,6.68928817004993
19630201,unemployment_rate,6.99040358345323
19630301,unemployment_rate,6.33165532411166
19630401,unemployment_rate,5.66579710994519
19630501,unemployment_rate,5.53940943966519
19630601,unemployment_rate,6.32734729916404
19630701,unemployment_rate,5.76159223245683
19630801,unemployment_rate,5.22321684742067
19630901,unemployment_rate,4.88749619184402
19631001,unemployment_rate,4.74060177501984
19631101,unemployment_rate,5.36894352581306
19631201,unemployment_rate,5.3437559136498
19640101,unemployment_rate,6.46696035242291
19640201,unemployment_rate,6.26430497849698
19640301,unemployment_rate,5.93902580795164
19640401,unemployment_rate,5.31370406578872
19640501,unemployment_rate,4.86189261955298
19640601,unemployment_rate,6.04349644500209
19640701,unemployment_rate,5.00364308933976
19640801,unemployment_rate,4.82948557617997
19640901,unemployment_rate,4.50381025772754
19641001,unemployment_rate,4.38625204582651
19641101,unemployment_rate,4.58166479029799
19641201,unemployment_rate,4.7598627787307
19650101,unemployment_rate,5.55732116029123
19650201,unemployment_rate,5.80453757184011
19650301,unemployment_rate,5.09739981120741
19650401,unemployment_rate,4.75886796196307
19650501,unemployment_rate,4.36850968285153
19650601,unemployment_rate,5.39986329460014
19650701,unemployment_rate,4.53331516555389
19650801,unemployment_rate,4.22202376863365
19650901,unemployment_rate,3.89173989455185
19651001,unemployment_rate,3.67338400390489
19651101,unemployment_rate,3.88655608721733
19651201,unemployment_rate,3.76594169495314
19660101,unemployment_rate,4.46711568938193
19660201,unemployment_rate,4.23496495591228
19660301,unemployment_rate,4.0743347881177
19660401,unemployment_rate,3.68799866093846
19660501,unemployment_rate,3.76542442205917
19660601,unemployment_rate,4.68951266638042
19660701,unemployment_rate,3.95436345862849
19660801,unemployment_rate,3.667172823414
19660901,unemployment_rate,3.32191168173499
19661001,unemployment_rate,3.25566767850794
19661101,unemployment_rate,3.38302361990334
19661201,unemployment_rate,3.4848009172684
19670101,unemployment_rate,4.22578058021516
19670201,unemployment_rate,4.27246966904179
19670301,unemployment_rate,3.94756791774062
19670401,unemployment_rate,3.50687407569699
19670501,unemployment_rate,3.2583238601345
19670601,unemployment_rate,4.67748318163831
19670701,unemployment_rate,4.16666666666667
19670801,unemployment_rate,3.77782745335244
19670901,unemployment_rate,3.7958519832789
19671001,unemployment_rate,3.80944753667294
19671101,unemployment_rate,3.74734763054996
19671201,unemployment_rate,3.50703943417629
19680101,unemployment_rate,4.0572402044293
19680201,unemployment_rate,4.28081500907807
19680301,unemployment_rate,3.80423827888789
19680401,unemployment_rate,3.19511540526033
19680501,unemployment_rate,2.9710231894494
19680601,unemployment_rate,4.51879825228453
19680701,unemployment_rate,4.03132474346115
19680801,unemployment_rate,3.51027397260274
19680901,unemployment_rate,3.37575138334152
19681001,unemployment_rate,3.2247828328904
19681101,unemployment_rate,3.26491923274398
19681201,unemployment_rate,3.0680905415904
19690101,unemployment_rate,3.70981258064087
19690201,unemployment_rate,3.73195278743809
19690301,unemployment_rate,3.50258549229615
19690401,unemployment_rate,3.23514767158468
19690501,unemployment_rate,2.95108617276505
19690601,unemployment_rate,4.21445280394512
19690701,unemployment_rate,3.91267757778252
19690801,unemployment_rate,3.54237865240804
19690901,unemployment_rate,3.72153495616802
19691001,unemployment_rate,3.52614896988906
19691101,unemployment_rate,3.38517021766376
19691201,unemployment_rate,3.26289700283619
19700101,unemployment_rate,4.28586155352817
19700201,unemployment_rate,4.73043077277793
19700301,unemployment_rate,4.6195652173913
19700401,unemployment_rate,4.39327085691034
19700501,unemployment_rate,4.18620654500968
19700601,unemployment_rate,5.65876706906788
19700701,unemployment_rate,5.39700030609122
19700801,unemployment_rate,5.11693921629127
19700901,unemployment_rate,5.29754635982526
19701001,unemployment_rate,5.21305700258592
19701101,unemployment_rate,5.57943121940282
19701201,unemployment_rate,5.62253507064051
19710101,unemployment_rate,6.62843374703528
19710201,unemployment_rate,6.67818725972676
19710301,unemployment_rate,6.3600696925256
19710401,unemployment_rate,5.7463498855234
19710501,unemployment_rate,5.39002134538328
19710601,unemployment_rate,6.61807722308892
19710701,unemployment_rate,6.33599538150678
19710801,unemployment_rate,6.01806021681918
19710901,unemployment_rate,5.86859948562076
19711001,unemployment_rate,5.50094148142714
19711101,unemployment_rate,5.74385542461722
19711201,unemployment_rate,5.60946803199844
19720101,unemployment_rate,6.56132081231912
19720201,unemployment_rate,6.49301623254058
19720301,unemployment_rate,6.22588798722895
19720401,unemployment_rate,5.58042736490574
19720501,unemployment_rate,5.16966934375226
19720601,unemployment_rate,6.28680473442055
19720701,unemployment_rate,5.94670635012905
19720801,unemployment_rate,5.57155684084098
19720901,unemployment_rate,5.4521434862298
19721001,unemployment_rate,5.19116307138885
19721101,unemployment_rate,4.97384058142563
19721201,unemployment_rate,4.80947708168308
19730101,unemployment_rate,5.54404455356608
19730201,unemployment_rate,5.69540032457148
19730301,unemployment_rate,5.28421325112662
19730401,unemployment_rate,4.88120138187117
19730501,unemployment_rate,4.43826552161059
19730601,unemployment_rate,5.45551569099414
19730701,unemployment_rate,5.09679166102613
19730801,unemployment_rate,4.75350509832484
19730901,unemployment_rate,4.76234382923793
19731001,unemployment_rate,4.28249865743439
19731101,unemployment_rate,4.60017785074218
19731201,unemployment_rate,4.61505111354509
19740101,unemployment_rate,5.70992261234988
19740201,unemployment_rate,5.83200796366008
19740301,unemployment_rate,5.40056163101299
19740401,unemployment_rate,4.9009623416599
19740501,unemployment_rate,4.70513287222424
19740601,unemployment_rate,5.93823178544603
19740701,unemployment_rate,5.76021726751062
19740801,unemployment_rate,5.36935742306205
19740901,unemployment_rate,5.7967610611551
19741001,unemployment_rate,5.5838185036346
19741101,unemployment_rate,6.31539070073204
19741201,unemployment_rate,6.81233933161954
19750101,unemployment_rate,9.10363048126546
19750201,unemployment_rate,9.2455754199982
19750301,unemployment_rate,9.26675010056765
19750401,unemployment_rate,8.6579020979021
19750501,unemployment_rate,8.39370166360652
19750601,unemployment_rate,9.23193751356042
19750701,unemployment_rate,8.78095954440445
19750801,unemployment_rate,8.26775478480521
19750901,unemployment_rate,8.23184458769396
19751001,unemployment_rate,7.86333937897428
19751101,unemployment_rate,7.87694536514696
19751201,unemployment_rate,7.8172321467761
19760101,unemployment_rate,8.89242765361595
19760201,unemployment_rate,8.73633063145079
19760301,unemployment_rate,8.1419624217119
19760401,unemployment_rate,7.46906930434499
19760501,unemployment_rate,6.82521919579318
19760601,unemployment_rate,8.06357862253363
19760701,unemployment_rate,7.88652097190172
19760801,unemployment_rate,7.67084198820839
19760901,unemployment_rate,7.50952197543544
19761001,unemployment_rate,7.25449751201463
19761101,unemployment_rate,7.51319268217581
19761201,unemployment_rate,7.47558266821124
19770101,unemployment_rate,8.36437992463172
19770201,unemployment_rate,8.565741292685
19770301,unemployment_rate,7.9559298691668
19770401,unemployment_rate,6.93914738537164
19770501,unemployment_rate,6.47450905946128
19770601,unemployment_rate,7.6230571933661
19770701,unemployment_rate,7.09058665253374
19770801,unemployment_rate,6.91838673107759
19770901,unemployment_rate,6.68769650621038
19771001,unemployment_rate,6.4044585003039
19771101,unemployment_rate,6.50746084850475
19771201,unemployment_rate,6.0587036617747
19780101,unemployment_rate,7.13783185382912
19780201,unemployment_rate,6.98886911904663
19780301,unemployment_rate,6.6647455952577
19780401,unemployment_rate,5.83263237798248
19780501,unemployment_rate,5.57466395860337
19780601,unemployment_rate,6.29791623275512
19780701,unemployment_rate,6.38029432347984
19780801,unemployment_rate,5.9269824290327
19780901,unemployment_rate,5.85874396716936
19781001,unemployment_rate,5.50446833311747
19781101,unemployment_rate,5.67646912474499
19781201,unemployment_rate,5.7667612363745
19790101,unemployment_rate,6.50164420917549
19790201,unemployment_rate,6.50792381942085
19790301,unemployment_rate,6.15670899176054
19790401,unemployment_rate,5.60325440534138
19790501,unemployment_rate,5.29342009546492
19790601,unemployment_rate,6.12898218928253
19790701,unemployment_rate,5.95220937941372
19790801,unemployment_rate,6.00769572867722
19790901,unemployment_rate,5.73660823282387
19791001,unemployment_rate,5.69502195624296
19791101,unemployment_rate,5.72905511964331
19791201,unemployment_rate,5.77339614394638
19800101,unemployment_rate,6.96425952183054
19800201,unemployment_rate,6.90285379202502
19800301,unemployment_rate,6.72990592184877
19800401,unemployment_rate,6.75321128656283
19800501,unemployment_rate,7.18080465341735
19800601,unemployment_rate,7.97310004844271
19800701,unemployment_rate,7.99984945002211
19800801,unemployment_rate,7.69011704622044
19800901,unemployment_rate,7.28250620586141
19801001,unemployment_rate,7.25528822246873
19801101,unemployment_rate,7.26642604807904
19801201,unemployment_rate,7.07027983119767
19810101,unemployment_rate,8.31546044722289
19810201,unemployment_rate,8.17279963086861
19810301,unemployment_rate,7.81081158616469
19810401,unemployment_rate,7.1148395224325
19810501,unemployment_rate,7.23332448522999
19810601,unemployment_rate,7.85229559601254
19810701,unemployment_rate,7.46802071923212
19810801,unemployment_rate,7.34221657811435
19810901,unemployment_rate,7.41476300885628
19811001,unemployment_rate,7.63395465425281
19811101,unemployment_rate,8.0887548876431
19811201,unemployment_rate,8.44812884888678
19820101,unemployment_rate,9.60607300158864
19820201,unemployment_rate,9.76070289965083
19820301,unemployment_rate,9.62851576538236
19820401,unemployment_rate,9.29676272596626
19820501,unemployment_rate,9.21847629574813
19820601,unemployment_rate,9.9666304087314
19820701,unemployment_rate,10.0009132420091
19820801,unemployment_rate,9.72965529903153
19820901,unemployment_rate,9.84734245555245
19821001,unemployment_rate,10.0408580183861
19821101,unemployment_rate,10.5238258675547
19821201,unemployment_rate,10.7105309676879
19830101,unemployment_rate,11.5918023582257
19830201,unemployment_rate,11.4859354935465
19830301,unemployment_rate,11.0230102413361
19830401,unemployment_rate,10.2141680395387
19830501,unemployment_rate,9.92841029847686
19830601,unemployment_rate,10.3797766445968
19830701,unemployment_rate,9.54865805079399
19830801,unemployment_rate,9.31839351763929
19830901,unemployment_rate,8.89702575961971
19831001,unemployment_rate,8.53211599048415
19831101,unemployment_rate,8.27823375670595
19831201,unemployment_rate,8.16814167424848
19840101,unemployment_rate,8.92619311875694
19840201,unemployment_rate,8.58473169832196
19840301,unemployment_rate,8.22397120002939
19840401,unemployment_rate,7.70639345913332
19840501,unemployment_rate,7.29257325210328
19840601,unemployment_rate,7.54413554744072
19840701,unemployment_rate,7.62190547636909
19840801,unemployment_rate,7.38189239530511
19840901,unemployment_rate,7.1784457080964
19841001,unemployment_rate,7.09106937248129
19841101,unemployment_rate,6.98530073226462
19841201,unemployment_rate,7.11233458379438
19850101,unemployment_rate,8.15203642802934
19850201,unemployment_rate,7.95998338660455
19850301,unemployment_rate,7.64342643785453
19850401,unemployment_rate,7.22718498900211
19850501,unemployment_rate,7.08150291081824
19850601,unemployment_rate,7.62053013913074
19850701,unemployment_rate,7.48410836828475
19850801,unemployment_rate,6.99265687583445
19850901,unemployment_rate,7.00280856568234
19851001,unemployment_rate,6.89919949162864
19851101,unemployment_rate,6.81978861041394
19851201,unemployment_rate,6.76608451403103
19860101,unemployment_rate,7.44797176562625
19860201,unemployment_rate,7.91815893053438
19860301,unemployment_rate,7.54300643441574
19860401,unemployment_rate,7.09368214796378
19860501,unemployment_rate,7.07766956278027
19860601,unemployment_rate,7.44769371981505
19860701,unemployment_rate,7.1538848656994
19860801,unemployment_rate,6.7586822543819
19860901,unemployment_rate,6.87891784889475
19861001,unemployment_rate,6.69283170234102
19861101,unemployment_rate,6.72935517915535
19861201,unemployment_rate,6.42060712454483
19870101,unemployment_rate,7.44428763089575
19870201,unemployment_rate,7.31893884079135
19870301,unemployment_rate,6.96346932933124
19870401,unemployment_rate,6.27910001300559
19870501,unemployment_rate,6.22239754397098
19870601,unemployment_rate,6.44330115355602
19870701,unemployment_rate,6.20648481383068
19870801,unemployment_rate,5.9114090786274
19870901,unemployment_rate,5.8002313922098
19871001,unemployment_rate,5.75818189556114
19871101,unemployment_rate,5.71148686059883
19871201,unemployment_rate,5.50697881142252
19880101,unemployment_rate,6.43310463121784
19880201,unemployment_rate,6.3311521463565
19880301,unemployment_rate,6.00207381762402
19880401,unemployment_rate,5.37781501684308
19880501,unemployment_rate,5.4926820966644
19880601,unemployment_rate,5.62225842837448
19880701,unemployment_rate,5.57383571067441
19880801,unemployment_rate,5.47333216861757
19880901,unemployment_rate,5.31275043232528
19881001,unemployment_rate,5.12803285434741
19881101,unemployment_rate,5.22716210999782
19881201,unemployment_rate,5.09573446946096
19890101,unemployment_rate,6.08634886422954
19890201,unemployment_rate,5.70317508519756
19890301,unemployment_rate,5.30863157894737
19890401,unemployment_rate,5.15116640485211
19890501,unemployment_rate,5.07760587748552
19890601,unemployment_rate,5.54181544206768
19890701,unemployment_rate,5.41610333762278
19890801,unemployment_rate,5.13748843000254
19890901,unemployment_rate,5.18859306748161
19891001,unemployment_rate,5.06205607785743
19891101,unemployment_rate,5.26493724953411
19891201,unemployment_rate,5.14877273896129
19900101,unemployment_rate,6.02960257183706
19900201,unemployment_rate,5.9237362310703
19900301,unemployment_rate,5.55431906422336
19900401,unemployment_rate,5.36818669085512
19900501,unemployment_rate,5.25540033736755
19900601,unemployment_rate,5.50080312532791
19900701,unemployment_rate,5.65350324604977
19900801,unemployment_rate,5.56561671301986
19900901,unemployment_rate,5.65216680026829
19901001,unemployment_rate,5.53308763575878
19901101,unemployment_rate,5.95751281800072
19901201,unemployment_rate,6.07760559349062
19910101,unemployment_rate,7.15297683766598
19910201,unemployment_rate,7.38911398022666
19910301,unemployment_rate,7.28018372703412
19910401,unemployment_rate,6.6581505228421
19910501,unemployment_rate,6.79556114861
19910601,unemployment_rate,7.12514942676283
19910701,unemployment_rate,6.93892562181696
19910801,unemployment_rate,6.72477804681194
19910901,unemployment_rate,6.62767714069579
19911001,unemployment_rate,6.60293138989433
19911101,unemployment_rate,6.80337325122272
19911201,unemployment_rate,7.0296409062416
19920101,unemployment_rate,8.17935933783035
19920201,unemployment_rate,8.34159743785664
19920301,unemployment_rate,7.94675664933527
19920401,unemployment_rate,7.28773164286062
19920501,unemployment_rate,7.42946355281582
19920601,unemployment_rate,8.05979337505821
19920701,unemployment_rate,7.81078366757681
19920801,unemployment_rate,7.50154401634282
19920901,unemployment_rate,7.37545204512834
19921001,unemployment_rate,6.98238540068595
19921101,unemployment_rate,7.19729179033837
19921201,unemployment_rate,7.17708341694023
19930101,unemployment_rate,8.09909749915239
19930201,unemployment_rate,7.95125482625483
19930301,unemployment_rate,7.52863499815258
19930401,unemployment_rate,7.03904773394458
19930501,unemployment_rate,6.94237525792908
19930601,unemployment_rate,7.33574697511128
19930701,unemployment_rate,7.12351219512195
19930801,unemployment_rate,6.70090121262641
19930901,unemployment_rate,6.5256209942285
19931001,unemployment_rate,6.50134420327208
19931101,unemployment_rate,6.33984285181926
19931201,unemployment_rate,6.21880480237421
19940101,unemployment_rate,7.42558089517998
19940201,unemployment_rate,7.22455491439593
19940301,unemployment_rate,6.9309603003866
19940401,unemployment_rate,6.30757989707097
19940501,unemployment_rate,5.92312489638676
19940601,unemployment_rate,6.32212588110536
19940701,unemployment_rate,6.28037672958412
19940801,unemployment_rate,5.98160225380173
19940901,unemployment_rate,5.68664890816655
19941001,unemployment_rate,5.46190260440264
19941101,unemployment_rate,5.3241627261714
19941201,unemployment_rate,5.15704550795018
19950101,unemployment_rate,6.24487866372518
19950201,unemployment_rate,5.91469641033697
19950301,unemployment_rate,5.75357492654261
19950401,unemployment_rate,5.67763132162553
19950501,unemployment_rate,5.49744359491533
19950601,unemployment_rate,5.84379530522225
19950701,unemployment_rate,5.91133758741526
19950801,unemployment_rate,5.61538580223103
19950901,unemployment_rate,5.44504330487881
19951001,unemployment_rate,5.2165682676866
19951101,unemployment_rate,5.33182076006807
19951201,unemployment_rate,5.27444588292181
19960101,unemployment_rate,6.34122658648124
19960201,unemployment_rate,6.01851490785441
19960301,unemployment_rate,5.88417875239581
19960401,unemployment_rate,5.43739999067874
19960501,unemployment_rate,5.40865662664538
19960601,unemployment_rate,5.52072461891231
19960701,unemployment_rate,5.69884438003366
19960801,unemployment_rate,5.11654132473846
19960901,unemployment_rate,5.0351602340437
19961001,unemployment_rate,4.90595396091712
19961101,unemployment_rate,5.10700983086035
19961201,unemployment_rate,5.01500214316331
19970101,unemployment_rate,5.96654317862813
19970201,unemployment_rate,5.74520977550006
19970301,unemployment_rate,5.51903390307111
19970401,unemployment_rate,4.9182574794216
19970501,unemployment_rate,4.75259528680761
19970601,unemployment_rate,5.21757340952267
19970701,unemployment_rate,5.09404097526176
19970801,unemployment_rate,4.80894339340462
19970901,unemployment_rate,4.72701203637324
19971001,unemployment_rate,4.42827771627392
19971101,unemployment_rate,4.36728859464339
19971201,unemployment_rate,4.41053464451226
19980101,unemployment_rate,5.26355621145041
19980201,unemployment_rate,5.0543531559532
19980301,unemployment_rate,5.01941229921224
19980401,unemployment_rate,4.17823305775149
19980501,unemployment_rate,4.24178791060447
19980601,unemployment_rate,4.76768633954218
19980701,unemployment_rate,4.74436661819953
19980801,unemployment_rate,4.4911535634471
19980901,unemployment_rate,4.40931718275381
19981001,unemployment_rate,4.2455920895878
19981101,unemployment_rate,4.1478668751396
19981201,unemployment_rate,4.0379746835443
19990101,unemployment_rate,4.82761191248276
19990201,unemployment_rate,4.79493343057654
19990301,unemployment_rate,4.45814859999405
19990401,unemployment_rate,4.15654842602387
19990501,unemployment_rate,3.99922892137964
19990601,unemployment_rate,4.48332662249716
19990701,unemployment_rate,4.50480678055114
19990801,unemployment_rate,4.19121644455546
19990901,unemployment_rate,4.08812946977212
19991001,unemployment_rate,3.87271266756576
19991101,unemployment_rate,3.8748334572436
19991201,unemployment_rate,3.78494560336832
20000101,unemployment_rate,4.50406409152597
20000201,unemployment_rate,4.45578750663496
20000301,unemployment_rate,4.28442791994655
20000401,unemployment_rate,3.6972546288235
20000501,unemployment_rate,3.8679889071189
20000601,unemployment_rate,4.17970064209479
20000701,unemployment_rate,4.22277936962751
20000801,unemployment_rate,4.13816443209148
20000901,unemployment_rate,3.77831010452962
20001001,unemployment_rate,3.64500448482393
20001101,unemployment_rate,3.77012357627278
20001201,unemployment_rate,3.70821501160394
20010101,unemployment_rate,4.71358830666128
20010201,unemployment_rate,4.61914231367802
20010301,unemployment_rate,4.57508831385163
20010401,unemployment_rate,4.26803766891161
20010501,unemployment_rate,4.19613695844959
20010601,unemployment_rate,4.77717902660166
20010701,unemployment_rate,4.76420454545455
20010801,unemployment_rate,4.94006929151932
20010901,unemployment_rate,4.76252075113727
20011001,unemployment_rate,5.04039050124361
20011101,unemployment_rate,5.34129093735894
20011201,unemployment_rate,5.44262530003941
20020101,unemployment_rate,6.4003860253077
20020201,unemployment_rate,6.19708843381764
20020301,unemployment_rate,6.16804933296176
20020401,unemployment_rate,5.7975372279496
20020501,unemployment_rate,5.57992028685304
20020601,unemployment_rate,6.07776599505126
20020701,unemployment_rate,6.0252185632334
20020801,unemployment_rate,5.74037186948416
20020901,unemployment_rate,5.40707807220345
20021001,unemployment_rate,5.38585608822004
20021101,unemployment_rate,5.71575035242855
20021201,unemployment_rate,5.72556058922415
20030101,unemployment_rate,6.52794081030128
20030201,unemployment_rate,6.41766258835552
20030301,unemployment_rate,6.24960097610113
20030401,unemployment_rate,5.91365091960212
20030501,unemployment_rate,5.8984269917456
20030601,unemployment_rate,6.5999902356691
20030701,unemployment_rate,6.38868517548455
20030801,unemployment_rate,6.06260898914328
20030901,unemployment_rate,5.84609505477397
20031001,unemployment_rate,5.65109872689996
20031101,unemployment_rate,5.68658354676198
20031201,unemployment_rate,5.49675560796165
20040101,unemployment_rate,6.34178810666893
20040201,unemployment_rate,6.0856450996219
20040301,unemployment_rate,6.09706102715616
20040401,unemployment_rate,5.42323739480942
20040501,unemployment_rate,5.39745263380729
20040601,unemployment_rate,5.8755069898393
20040701,unemployment_rate,5.77706918064606
20040801,unemployment_rate,5.40149657297365
20040901,unemployment_rate,5.1885796342442
20041001,unemployment_rate,5.15619092958456
20041101,unemployment_rate,5.21525954070515
20041201,unemployment_rate,5.2161371178917
20050101,unemployment_rate,5.79663257986018
20050201,unemployment_rate,5.83939045267028
20050301,unemployment_rate,5.46710134258772
20050401,unemployment_rate,5.00475577687014
20050501,unemployment_rate,4.97324936606571
20050601,unemployment_rate,5.29079382579934
20050701,unemployment_rate,5.24580047994515
20050801,unemployment_rate,4.92245819904691
20050901,unemployment_rate,4.89102204492094
20051001,unemployment_rate,4.67380115100558
20051101,unemployment_rate,4.90468858955682
20051201,unemployment_rate,4.71790186265756
20060101,unemployment_rate,5.16664463752791
20060201,unemployment_rate,5.22059994323177
20060301,unemployment_rate,4.91151940630593
20060401,unemployment_rate,4.59347599273114
20060501,unemployment_rate,4.51471155435561
20060601,unemployment_rate,4.88253916493431
20060701,unemployment_rate,5.02365823982696
20060801,unemployment_rate,4.68670298504417
20060901,unemployment_rate,4.41755517664058
20061001,unemployment_rate,4.16396729383043
20061101,unemployment_rate,4.35149806229269
20061201,unemployment_rate,4.33435267355459
20070101,unemployment_rate,5.08032526098029
20070201,unemployment_rate,4.94782947378491
20070301,unemployment_rate,4.59301730316371
20070401,unemployment_rate,4.34812375481813
20070501,unemployment_rate,4.32112245455042
20070601,unemployment_rate,4.77852258564355
20070701,unemployment_rate,4.90449321355009
20070801,unemployment_rate,4.67673143321373
20070901,unemployment_rate,4.59157375003391
20071001,unemployment_rate,4.46772892705375
20071101,unemployment_rate,4.53504475595339
20071201,unemployment_rate,4.85645236628509
20080101,unemployment_rate,5.43072691124002
20080201,unemployment_rate,5.2707729056475
20080301,unemployment_rate,5.274968888768
20080401,unemployment_rate,4.80983046928658
20080501,unemployment_rate,5.32681263824347
20080601,unemployment_rate,5.82186511095798
20080701,unemployment_rate,6.10271661576624
20080801,unemployment_rate,6.16119787646731
20080901,unemployment_rate,6.00722704400392
20081001,unemployment_rate,6.19199213886215
20081101,unemployment_rate,6.55778640121478
20081201,unemployment_rate,7.21441124780316
20090101,unemployment_rate,8.59931129289107
20090201,unemployment_rate,8.99975577324903
20090301,unemployment_rate,9.16263784018686
20090401,unemployment_rate,8.73443307919798
20090501,unemployment_rate,9.18372179560908
20090601,unemployment_rate,9.80582264600078
20090701,unemployment_rate,9.8451578455583
20090801,unemployment_rate,9.6919031888357
20090901,unemployment_rate,9.58871483593506
20091001,unemployment_rate,9.61526682229316
20091101,unemployment_rate,9.5417455625332
20091201,unemployment_rate,9.76640346251566
20100101,unemployment_rate,10.6995378346597
20100201,unemployment_rate,10.5652547809825
20100301,unemployment_rate,10.3523569825182
20100401,unemployment_rate,9.64961105605409
20100501,unemployment_rate,9.49491792586151
20100601,unemployment_rate,9.79456906729634
20100701,unemployment_rate,9.85522261541152
20100801,unemployment_rate,9.64462200950469
20100901,unemployment_rate,9.32311795765064
20101001,unemployment_rate,9.18880261544749
20101101,unemployment_rate,9.40598104368668
20101201,unemployment_rate,9.24233621544035
20110101,unemployment_rate,9.9274222896654
20110201,unemployment_rate,9.68787333672054
20110301,unemployment_rate,9.32320631180999
20110401,unemployment_rate,8.7944799582979
20110501,unemployment_rate,8.86290482406085
20110601,unemployment_rate,9.46311317110854
20110701,unemployment_rate,9.44381676600524
20110801,unemployment_rate,9.17998968540485
20110901,unemployment_rate,8.87496168125617
20111001,unemployment_rate,8.58363833398082
20111101,unemployment_rate,8.28157774270468
20111201,unemployment_rate,8.37322704142782
20120101,unemployment_rate,8.95413070114793
20120201,unemployment_rate,8.83887000095577
20120301,unemployment_rate,8.49154391707583
20120401,unemployment_rate,7.83666044329551
20120501,unemployment_rate,7.99233648796462
20120601,unemployment_rate,8.49623099527277
20120701,unemployment_rate,8.62984723854289
20120801,unemployment_rate,8.27041680786174
20120901,unemployment_rate,7.65504731754044
20121001,unemployment_rate,7.63552292684905
20121101,unemployment_rate,7.44711244133052
20121201,unemployment_rate,7.73944744466965
20130101,unemployment_rate,8.6086536038521
20130201,unemployment_rate,8.20233144726975
20130301,unemployment_rate,7.73448596088714
20130401,unemployment_rate,7.21508105452759
20130501,unemployment_rate,7.39560089257252
20130601,unemployment_rate,7.91745545843906
20130701,unemployment_rate,7.83130108535442
20130801,unemployment_rate,7.48648630364041
20130901,unemployment_rate,7.10402541078737
20131001,unemployment_rate,7.06024982632031
20131101,unemployment_rate,6.71878085484519
20131201,unemployment_rate,6.54824174546847
20140101,unemployment_rate,7.1550791890819
20140201,unemployment_rate,7.18445675004774
20140301,unemployment_rate,6.9073389203678
20140401,unemployment_rate,5.94044529435869
20140501,unemployment_rate,6.12303057444123
20140601,unemployment_rate,6.38967114062384
20140701,unemployment_rate,6.61970982277362
20140801,unemployment_rate,6.29044556760441
20140901,unemployment_rate,5.83338417630988
20141001,unemployment_rate,5.61331263079727
20141101,unemployment_rate,5.57088744588745
20141201,unemployment_rate,5.43650496793455
20150101,unemployment_rate,6.18760173629951
20150201,unemployment_rate,5.89156218231108
20150301,unemployment_rate,5.66646555990157
20150401,unemployment_rate,5.16808457357888
20150501,unemployment_rate,5.41366616509028
20150601,unemployment_rate,5.5497228147841
20150701,unemployment_rate,5.64882744440958
20150801,unemployment_rate,5.26106876391795
20150901,unemployment_rate,4.91373884087202
20151001,unemployment_rate,4.93084543229191
20151101,unemployment_rate,4.8832257455898
20151201,unemployment_rate,4.8815660905017
20160101,unemployment_rate,5.34659201918737
20160201,unemployment_rate,5.28771384136858
20160301,unemployment_rate,5.19820843639281
20160401,unemployment_rate,4.76308608285785
20160501,unemployment_rate,4.63385273858089
20160601,unemployment_rate,5.14885746673826
20160701,unemployment_rate,5.17231125061953
20160801,unemployment_rate,5.05516416323275
20160901,unemployment_rate,4.86137460475953
20161001,unemployment_rate,4.71538768453252
20161101,unemployment_rate,4.47592143485329
20161201,unemployment_rate,4.54323921940407
20170101,unemployment_rate,5.21301949443016
20170201,unemployment_rate,4.97551603132881
20170301,unemployment_rate,4.58007143474762
20170401,unemployment_rate,4.12975421301539
20170501,unemployment_rate,4.15563332490586
20170601,unemployment_rate,4.5503635022653
20170701,unemployment_rate,4.67675919609592
20170801,unemployment_rate,4.59729858320998
20170901,unemployment_rate,4.12882243287193
20171001,unemployment_rate,3.92121766569879
20171101,unemployment_rate,3.96832765229386
20171201,unemployment_rate,3.96066612110204
20180101,unemployment_rate,4.54790043246906
20180201,unemployment_rate,4.44563047302773
20180301,unemployment_rate,4.17655903767015
19600101,cpi,1.03448275862069
19600201,cpi,1.73010380622838
19600301,cpi,1.73010380622838
19600401,cpi,1.72413793103447
19600501,cpi,1.72413793103447
19600601,cpi,1.71821305841925
19600701,cpi,1.36986301369863
19600801,cpi,1.36986301369863
19600901,cpi,1.02389078498293
19601001,cpi,1.36054421768708
19601101,cpi,1.36054421768708
19601201,cpi,1.36054421768708
19610101,cpi,1.70648464163823
19610201,cpi,1.36054421768708
19610301,cpi,1.36054421768708
19610401,cpi,1.01694915254239
19610501,cpi,1.01694915254239
19610601,cpi,0.675675675675687
19610701,cpi,1.35135135135135
19610801,cpi,1.01351351351351
19610901,cpi,1.35135135135135
19611001,cpi,0.671140939597306
19611101,cpi,0.671140939597306
19611201,cpi,0.671140939597306
19620101,cpi,0.671140939597306
19620201,cpi,1.00671140939597
19620301,cpi,1.00671140939597
19620401,cpi,1.34228187919463
19620501,cpi,1.34228187919463
19620601,cpi,1.34228187919463
19620701,cpi,0.999999999999997
19620801,cpi,1.33779264214047
19620901,cpi,1.33333333333334
19621001,cpi,1.33333333333334
19621101,cpi,1.33333333333334
19621201,cpi,1.33333333333334
19630101,cpi,1.33333333333334
19630201,cpi,0.996677740863784
19630301,cpi,1.32890365448505
19630401,cpi,0.993377483443705
19630501,cpi,0.993377483443705
19630601,cpi,1.32450331125826
19630701,cpi,1.32013201320132
19630801,cpi,1.32013201320132
19630901,cpi,0.986842105263155
19631001,cpi,1.31578947368421
19631101,cpi,1.31578947368421
19631201,cpi,1.64473684210527
19640101,cpi,1.64473684210527
19640201,cpi,1.64473684210527
19640301,cpi,1.31147540983607
19640401,cpi,1.31147540983607
19640501,cpi,1.31147540983607
19640601,cpi,1.30718954248366
19640701,cpi,1.30293159609121
19640801,cpi,0.977198697068401
19640901,cpi,1.30293159609121
19641001,cpi,0.974025974025971
19641101,cpi,1.2987012987013
19641201,cpi,0.970873786407764
19650101,cpi,0.970873786407764
19650201,cpi,0.970873786407764
19650301,cpi,1.29449838187702
19650401,cpi,1.61812297734627
19650501,cpi,1.61812297734627
19650601,cpi,1.93548387096776
19650701,cpi,1.60771704180065
19650801,cpi,1.93548387096776
19650901,cpi,1.60771704180065
19651001,cpi,1.92926045016078
19651101,cpi,1.60256410256411
19651201,cpi,1.92307692307692
19660101,cpi,1.92307692307692
19660201,cpi,2.56410256410257
19660301,cpi,2.55591054313099
19660401,cpi,2.86624203821657
19660501,cpi,2.86624203821657
19660601,cpi,2.53164556962026
19660701,cpi,2.84810126582278
19660801,cpi,3.48101265822785
19660901,cpi,3.48101265822785
19661001,cpi,3.78548895899052
19661101,cpi,3.78548895899052
19661201,cpi,3.45911949685535
19670101,cpi,3.45911949685535
19670201,cpi,2.81249999999999
19670301,cpi,2.803738317757
19670401,cpi,2.47678018575852
19670501,cpi,2.78637770897834
19670601,cpi,2.77777777777777
19670701,cpi,2.76923076923078
19670801,cpi,2.44648318042814
19670901,cpi,2.75229357798166
19671001,cpi,2.43161094224924
19671101,cpi,2.7355623100304
19671201,cpi,3.03951367781156
19680101,cpi,3.64741641337387
19680201,cpi,3.95136778115503
19680301,cpi,3.93939393939395
19680401,cpi,3.9274924471299
19680501,cpi,3.91566265060238
19680601,cpi,4.2042042042042
19680701,cpi,4.49101796407184
19680801,cpi,4.47761194029849
19680901,cpi,4.4642857142857
19681001,cpi,4.74777448071216
19681101,cpi,4.73372781065088
19681201,cpi,4.7197640117994
19690101,cpi,4.39882697947213
19690201,cpi,4.6783625730994
19690301,cpi,5.2478134110787
19690401,cpi,5.52325581395349
19690501,cpi,5.5072463768116
19690601,cpi,5.47550432276658
19690701,cpi,5.44412607449857
19690801,cpi,5.71428571428572
19690901,cpi,5.69800569800569
19691001,cpi,5.66572237960341
19691101,cpi,5.93220338983051
19691201,cpi,6.19718309859155
19700101,cpi,6.1797752808989
19700201,cpi,6.14525139664805
19700301,cpi,5.81717451523546
19700401,cpi,6.06060606060606
19700501,cpi,6.04395604395605
19700601,cpi,6.01092896174864
19700701,cpi,5.97826086956522
19700801,cpi,5.4054054054054
19700901,cpi,5.66037735849058
19701001,cpi,5.63002680965147
19701101,cpi,5.60000000000001
19701201,cpi,5.57029177718833
19710101,cpi,5.29100529100528
19710201,cpi,5
19710301,cpi,4.71204188481677
19710401,cpi,4.15584415584415
19710501,cpi,4.40414507772022
19710601,cpi,4.63917525773196
19710701,cpi,4.35897435897436
19710801,cpi,4.61538461538462
19710901,cpi,4.08163265306122
19711001,cpi,3.80710659898476
19711101,cpi,3.28282828282826
19711201,cpi,3.26633165829145
19720101,cpi,3.26633165829145
19720201,cpi,3.50877192982454
19720301,cpi,3.49999999999998
19720401,cpi,3.49127182044888
19720501,cpi,3.2258064516129
19720601,cpi,2.70935960591132
19720701,cpi,2.94840294840295
19720801,cpi,2.94117647058824
19720901,cpi,3.18627450980392
19721001,cpi,3.42298288508559
19721101,cpi,3.66748166259169
19721201,cpi,3.40632603406326
19730101,cpi,3.64963503649635
19730201,cpi,3.87409200968524
19730301,cpi,4.58937198067633
19730401,cpi,5.06024096385542
19730501,cpi,5.52884615384615
19730601,cpi,5.99520383693047
19730701,cpi,5.72792362768496
19730801,cpi,7.38095238095238
19730901,cpi,7.36342042755346
19731001,cpi,7.80141843971631
19731101,cpi,8.25471698113209
19731201,cpi,8.70588235294118
19740101,cpi,9.38967136150235
19740201,cpi,10.02331002331
19740301,cpi,10.392609699769
19740401,cpi,10.0917431192661
19740501,cpi,10.7061503416857
19740601,cpi,10.8597285067873
19740701,cpi,11.5124153498871
19740801,cpi,10.8647450110865
19740901,cpi,11.9469026548673
19741001,cpi,12.0614035087719
19741101,cpi,12.2004357298475
19741201,cpi,12.3376623376623
19750101,cpi,11.8025751072961
19750201,cpi,11.228813559322
19750301,cpi,10.2510460251046
19750401,cpi,10.2083333333333
19750501,cpi,9.4650205761317
19750601,cpi,9.38775510204083
19750701,cpi,9.7165991902834
19750801,cpi,8.60000000000001
19750901,cpi,7.90513833992095
19751001,cpi,7.43639921722114
19751101,cpi,7.37864077669904
19751201,cpi,6.93641618497111
19760101,cpi,6.71785028790788
19760201,cpi,6.2857142857143
19760301,cpi,6.07210626185958
19760401,cpi,6.04914933837429
19760501,cpi,6.20300751879698
19760601,cpi,5.97014925373132
19760701,cpi,5.35055350553504
19760801,cpi,5.70902394106814
19760901,cpi,5.49450549450548
19761001,cpi,5.46448087431692
19761101,cpi,4.88245931283905
19761201,cpi,4.86486486486484
19770101,cpi,5.21582733812947
19770201,cpi,5.91397849462362
19770301,cpi,6.44007155635063
19770401,cpi,6.951871657754
19770501,cpi,6.72566371681417
19770601,cpi,6.8661971830986
19770701,cpi,6.83012259194397
19770801,cpi,6.62020905923344
19770901,cpi,6.59722222222223
19771001,cpi,6.39032815198619
19771101,cpi,6.72413793103449
19771201,cpi,6.70103092783506
19780101,cpi,6.83760683760685
19780201,cpi,6.42978003384095
19780301,cpi,6.5546218487395
19780401,cpi,6.50000000000001
19780501,cpi,6.96517412935323
19780601,cpi,7.41350906095552
19780701,cpi,7.7049180327869
19780801,cpi,7.84313725490198
19780901,cpi,8.30618892508144
19781001,cpi,8.92857142857144
19781101,cpi,8.88529886914378
19781201,cpi,9.01771336553947
19790101,cpi,9.28
19790201,cpi,9.85691573926867
19790301,cpi,10.0946372239747
19790401,cpi,10.4851330203443
19790501,cpi,10.8527131782946
19790601,cpi,10.8895705521472
19790701,cpi,11.2633181126332
19790801,cpi,11.8181818181818
19790901,cpi,12.1804511278196
19791001,cpi,12.0715350223547
19791101,cpi,12.6112759643917
19791201,cpi,13.2939438700148
19800101,cpi,13.909224011713
19800201,cpi,14.1823444283647
19800301,cpi,14.756446991404
19800401,cpi,14.7308781869688
19800501,cpi,14.4055944055944
19800601,cpi,14.3845089903181
19800701,cpi,13.1326949384405
19800801,cpi,12.8726287262872
19800901,cpi,12.6005361930295
19801001,cpi,12.7659574468085
19801101,cpi,12.6482213438735
19801201,cpi,12.51629726206
19810101,cpi,11.8251928020566
19810201,cpi,11.4068441064639
19810301,cpi,10.4868913857678
19810401,cpi,10
19810501,cpi,9.77995110024452
19810601,cpi,9.55259975816204
19810701,cpi,10.7617896009674
19810801,cpi,10.8043217286915
19810901,cpi,10.952380952381
19811001,cpi,10.1415094339623
19811101,cpi,9.59064327485381
19811201,cpi,8.92236384704519
19820101,cpi,8.39080459770114
19820201,cpi,7.62229806598408
19820301,cpi,6.77966101694914
19820401,cpi,6.50953984287316
19820501,cpi,6.68151447661469
19820601,cpi,7.06401766004414
19820701,cpi,6.4410480349345
19820801,cpi,5.85048754062836
19820901,cpi,5.04291845493562
19821001,cpi,5.13918629550321
19821101,cpi,4.58911419423691
19821201,cpi,3.82978723404257
19830101,cpi,3.71155885471898
19830201,cpi,3.48837209302325
19830301,cpi,3.59788359788359
19830401,cpi,3.89884088514226
19830501,cpi,3.5490605427975
19830601,cpi,2.57731958762887
19830701,cpi,2.46153846153847
19830801,cpi,2.55885363357217
19830901,cpi,2.86006128702758
19831001,cpi,2.85132382892057
19831101,cpi,3.26530612244899
19831201,cpi,3.79098360655737
19840101,cpi,4.1922290388548
19840201,cpi,4.59652706843718
19840301,cpi,4.80081716036773
19840401,cpi,4.56389452332656
19840501,cpi,4.23387096774193
19840601,cpi,4.22110552763819
19840701,cpi,4.20420420420419
19840801,cpi,4.29141716566866
19840901,cpi,4.27010923535254
19841001,cpi,4.25742574257426
19841101,cpi,4.05138339920948
19841201,cpi,3.9486673247779
19850101,cpi,3.53287536800785
19850201,cpi,3.51562500000001
19850301,cpi,3.70370370370371
19850401,cpi,3.68574199806014
19850501,cpi,3.77176015473887
19850601,cpi,3.76084860173578
19850701,cpi,3.55427473583095
19850801,cpi,3.34928229665073
19850901,cpi,3.14285714285714
19851001,cpi,3.22886989553656
19851101,cpi,3.51377018043686
19851201,cpi,3.79867046533713
19860101,cpi,3.88625592417064
19860201,cpi,3.1132075471698
19860301,cpi,2.25563909774436
19860401,cpi,1.59027128157158
19860501,cpi,1.49114631873253
19860601,cpi,1.76579925650557
19860701,cpi,1.57699443413728
19860801,cpi,1.57407407407407
19860901,cpi,1.75438596491228
19861001,cpi,1.4719411223551
19861101,cpi,1.28440366972476
19861201,cpi,1.09789569990851
19870101,cpi,1.45985401459854
19870201,cpi,2.10430009149133
19870301,cpi,3.0330882352941
19870401,cpi,3.77532228360957
19870501,cpi,3.85674931129478
19870601,cpi,3.65296803652968
19870701,cpi,3.9269406392694
19870801,cpi,4.28441203281677
19870901,cpi,4.35571687840289
19871001,cpi,4.53309156844969
19871101,cpi,4.52898550724637
19871201,cpi,4.43438914027149
19880101,cpi,4.04676258992805
19880201,cpi,3.94265232974908
19880301,cpi,3.92506690454951
19880401,cpi,3.90417036379769
19880501,cpi,3.89036251105217
19880601,cpi,3.96475770925109
19880701,cpi,4.13005272407735
19880801,cpi,4.02097902097902
19880901,cpi,4.17391304347827
19881001,cpi,4.24978317432784
19881101,cpi,4.2461005199307
19881201,cpi,4.41941074523399
19890101,cpi,4.66724286949006
19890201,cpi,4.82758620689655
19890301,cpi,4.97854077253221
19890401,cpi,5.12382578992315
19890501,cpi,5.36170212765957
19890601,cpi,5.16949152542374
19890701,cpi,4.97890295358649
19890801,cpi,4.70588235294118
19890901,cpi,4.34056761268783
19891001,cpi,4.49251247920133
19891101,cpi,4.65502909393182
19891201,cpi,4.64730290456429
19900101,cpi,5.20231213872832
19900201,cpi,5.26315789473685
19900301,cpi,5.23303352412098
19900401,cpi,4.71161657189277
19900501,cpi,4.36187399030692
19900601,cpi,4.67365028203064
19900701,cpi,4.82315112540193
19900801,cpi,5.61797752808989
19900901,cpi,6.16
19901001,cpi,6.28980891719745
19901101,cpi,6.27482128673552
19901201,cpi,6.10626486915148
19910101,cpi,5.65149136577708
19910201,cpi,5.31249999999999
19910301,cpi,4.89510489510491
19910401,cpi,4.88750969743986
19910501,cpi,4.95356037151704
19910601,cpi,4.69591993841416
19910701,cpi,4.44785276073618
19910801,cpi,3.79939209726443
19910901,cpi,3.39110776186887
19911001,cpi,2.92134831460676
19911101,cpi,2.98953662182361
19911201,cpi,3.0642750373692
19920101,cpi,2.60029717682021
19920201,cpi,2.81899109792284
19920301,cpi,3.18518518518519
19920401,cpi,3.18047337278107
19920501,cpi,3.023598820059
19920601,cpi,3.08823529411763
19920701,cpi,3.15712187958887
19920801,cpi,3.14787701317717
19920901,cpi,2.98833819241983
19921001,cpi,3.20232896652111
19921101,cpi,3.04789550072569
19921201,cpi,2.90065264684555
19930101,cpi,3.25850832729905
19930201,cpi,3.24675324675326
19930301,cpi,3.08686288585785
19930401,cpi,3.2258064516129
19930501,cpi,3.22118826055833
19930601,cpi,2.9957203994294
19930701,cpi,2.77580071174378
19930801,cpi,2.76792051100073
19930901,cpi,2.68931351733901
19931001,cpi,2.75035260930885
19931101,cpi,2.67605633802818
19931201,cpi,2.74841437632136
19940101,cpi,2.52454417952315
19940201,cpi,2.51572327044024
19940301,cpi,2.50696378830083
19940401,cpi,2.36111111111112
19940501,cpi,2.28848821081832
19940601,cpi,2.49307479224376
19940701,cpi,2.77008310249305
19940801,cpi,2.90055248618783
19940901,cpi,2.96347346657477
19941001,cpi,2.60809883321897
19941101,cpi,2.67489711934155
19941201,cpi,2.67489711934155
19950101,cpi,2.80437756497949
19950201,cpi,2.86298568507159
19950301,cpi,2.85326086956522
19950401,cpi,3.05291723202172
19950501,cpi,3.1864406779661
19950601,cpi,3.04054054054055
19950701,cpi,2.76280323450137
19950801,cpi,2.61744966442953
19950901,cpi,2.54350736278447
19951001,cpi,2.80936454849497
19951101,cpi,2.60521042084169
19951201,cpi,2.53841015364062
19960101,cpi,2.72787757817697
19960201,cpi,2.65076209410205
19960301,cpi,2.84015852047557
19960401,cpi,2.89664252797893
19960501,cpi,2.89093298291722
19960601,cpi,2.75409836065572
19960701,cpi,2.95081967213114
19960801,cpi,2.87769784172662
19960901,cpi,3.00261096605744
19961001,cpi,2.99284320104101
19961101,cpi,3.25520833333334
19961201,cpi,3.32247557003257
19970101,cpi,3.0440414507772
19970201,cpi,3.03421562298257
19970301,cpi,2.76172125883109
19970401,cpi,2.49520153550862
19970501,cpi,2.23499361430396
19970601,cpi,2.297383535418
19970701,cpi,2.22929936305731
19970801,cpi,2.22504767959313
19970901,cpi,2.15462610899872
19971001,cpi,2.08464939987364
19971101,cpi,1.82849936948297
19971201,cpi,1.70239596469105
19980101,cpi,1.57133878064111
19980201,cpi,1.44110275689223
19980301,cpi,1.37499999999998
19980401,cpi,1.43570536828964
19980501,cpi,1.68644597126796
19980601,cpi,1.68434185901435
19980701,cpi,1.68224299065421
19980801,cpi,1.61691542288557
19980901,cpi,1.48883374689826
19981001,cpi,1.4851485148515
19981101,cpi,1.54798761609908
19981201,cpi,1.61190328580283
19990101,cpi,1.67079207920794
19990201,cpi,1.6059295861643
19990301,cpi,1.72626387176327
19990401,cpi,2.27692307692308
19990501,cpi,2.08845208845208
19990601,cpi,1.96319018404907
19990701,cpi,2.14460784313724
19990801,cpi,2.26438188494492
19990901,cpi,2.62836185819073
19991001,cpi,2.56097560975608
19991101,cpi,2.62195121951219
19991201,cpi,2.68456375838926
20000101,cpi,2.73889227023736
20000201,cpi,3.22188449848025
20000301,cpi,3.75757575757575
20000401,cpi,3.06859205776173
20000501,cpi,3.18892900120337
20000601,cpi,3.73044524669075
20000701,cpi,3.65926814637075
20000801,cpi,3.41113105924597
20000901,cpi,3.45443716497914
20001001,cpi,3.44827586206898
20001101,cpi,3.44622697563874
20001201,cpi,3.38680926916222
20010101,cpi,3.73222748815164
20010201,cpi,3.53356890459364
20010301,cpi,2.92056074766356
20010401,cpi,3.26911850554584
20010501,cpi,3.61516034985422
20010601,cpi,3.24825986078885
20010701,cpi,2.7199074074074
20010801,cpi,2.7199074074074
20010901,cpi,2.64824409902132
20011001,cpi,2.12643678160918
20011101,cpi,1.89546237794371
20011201,cpi,1.55172413793103
20020101,cpi,1.14220445459738
20020201,cpi,1.13765642775882
20020301,cpi,1.4755959137344
20020401,cpi,1.63934426229508
20020501,cpi,1.18176702307261
20020601,cpi,1.06741573033709
20020701,cpi,1.46478873239436
20020801,cpi,1.80281690140844
20020901,cpi,1.51430173864273
20021001,cpi,2.02588632526733
20021101,cpi,2.19842164599776
20021201,cpi,2.37691001697794
20030101,cpi,2.5974025974026
20030201,cpi,2.9808773903262
20030301,cpi,3.0201342281879
20030401,cpi,2.22469410456062
20030501,cpi,2.05784204671856
20030601,cpi,2.11228460255696
20030701,cpi,2.10993892282066
20030801,cpi,2.15827338129498
20030901,cpi,2.32044198895026
20031001,cpi,2.0408163265306
20031101,cpi,1.7650303364589
20031201,cpi,1.87949143173024
20040101,cpi,1.92625206384148
20040201,cpi,1.69306389950846
20040301,cpi,1.73724212812162
20040401,cpi,2.28509249183895
20040501,cpi,3.05177111716622
20040601,cpi,3.26619488296135
20040701,cpi,2.99075584556823
20040801,cpi,2.65438786565546
20040901,cpi,2.53779697624191
20041001,cpi,3.18918918918918
20041101,cpi,3.5230352303523
20041201,cpi,3.25556158437331
20050101,cpi,2.9697624190065
20050201,cpi,3.00751879699249
20050301,cpi,3.14834578441835
20050401,cpi,3.51063829787234
20050501,cpi,2.80274986779482
20050601,cpi,2.53031101739589
20050701,cpi,3.16789862724393
20050801,cpi,3.64116094986809
20050901,cpi,4.68667719852555
20051001,cpi,4.34782608695653
20051101,cpi,3.45549738219895
20051201,cpi,3.41565948502363
20060101,cpi,3.98531725222864
20060201,cpi,3.59749739311781
20060301,cpi,3.36264873254009
20060401,cpi,3.54573484069887
20060501,cpi,4.16666666666666
20060601,cpi,4.31876606683804
20060701,cpi,4.1453428863869
20060801,cpi,3.81873727087576
20060901,cpi,2.06237424547283
20061001,cpi,1.30522088353415
20061101,cpi,1.97368421052632
20061201,cpi,2.54065040650407
20070101,cpi,2.07564296520423
20070201,cpi,2.41519879214898
20070301,cpi,2.77877877877878
20070401,cpi,2.57369727047147
20070501,cpi,2.69086419753088
20070601,cpi,2.68703794972893
20070701,cpi,2.35823095823096
20070801,cpi,1.97008337420303
20070901,cpi,2.75505174963037
20071001,cpi,3.53617443012884
20071101,cpi,4.30620347394541
20071201,cpi,4.0812685827552
20080101,cpi,4.28029404790135
20080201,cpi,4.0265554130487
20080301,cpi,3.98145623125169
20080401,cpi,3.93688977482752
20080501,cpi,4.17554304180352
20080601,cpi,5.02179004761173
20080701,cpi,5.60012290025395
20080801,cpi,5.37185511526236
20080901,cpi,4.9369274305722
20081001,cpi,3.65518627713748
20081101,cpi,1.06957469180737
20081201,cpi,0.0914129006455849
20090101,cpi,0.0298465036952703
20090201,cpi,0.236191088037887
20090301,cpi,-0.383556254917381
20090401,cpi,-0.736885715216719
20090501,cpi,-1.28143579895861
20090601,cpi,-1.42677604368986
20090701,cpi,-2.09716135367605
20090801,cpi,-1.48434861196062
20090901,cpi,-1.28620596664275
20091001,cpi,-0.182848277486101
20091101,cpi,1.83829586913029
20091201,cpi,2.72133112620586
20100101,cpi,2.62570864295763
20100201,cpi,2.14333177814537
20100301,cpi,2.31395944694395
20100401,cpi,2.23644719564808
20100501,cpi,2.02098608409395
20100601,cpi,1.05334897284567
20100701,cpi,1.23519277830147
20100801,cpi,1.14810456183919
20100901,cpi,1.14368265815929
20101001,cpi,1.17218760552696
20101101,cpi,1.14316091157028
20101201,cpi,1.4957235273143
20110101,cpi,1.63184685744874
20110201,cpi,2.10758462865817
20110301,cpi,2.68160326424088
20110401,cpi,3.16363085927648
20110501,cpi,3.56864578463458
20110601,cpi,3.55882825224234
20110701,cpi,3.62871598222108
20110801,cpi,3.7712081791198
20110901,cpi,3.8683568410403
20111001,cpi,3.52519992135738
20111101,cpi,3.39437759080085
20111201,cpi,2.96241884487109
20120101,cpi,2.92521671215085
20120201,cpi,2.87109878043821
20120301,cpi,2.65139819302177
20120401,cpi,2.30273981129893
20120501,cpi,1.7042537749376
20120601,cpi,1.6639937622385
20120701,cpi,1.40845070422536
20120801,cpi,1.69237899755014
20120901,cpi,1.99128208066498
20121001,cpi,2.16234359887114
20121101,cpi,1.76413384608585
20121201,cpi,1.74102236874755
20130101,cpi,1.59486466812257
20130201,cpi,1.97792350974904
20130301,cpi,1.47389621259676
20130401,cpi,1.06308538148945
20130501,cpi,1.36196505885168
20130601,cpi,1.75441654537689
20130701,cpi,1.9606816118444
20130801,cpi,1.5183675595432
20130901,cpi,1.18492526155214
20131001,cpi,0.963612704643415
20131101,cpi,1.23707220453391
20131201,cpi,1.5017356196184
20140101,cpi,1.57894736842107
20140201,cpi,1.12634925010552
20140301,cpi,1.51220287576309
20140401,cpi,1.95285789851675
20140501,cpi,2.12711154993669
20140601,cpi,2.07234137316706
20140701,cpi,1.9923286357643
20140801,cpi,1.69961133416282
20140901,cpi,1.65791867571505
20141001,cpi,1.66434021563205
20141101,cpi,1.32235518237087
20141201,cpi,0.756493269655734
20150101,cpi,-0.0893483130696593
20150201,cpi,-0.0251298018152948
20150301,cpi,-0.0736373908664105
20150401,cpi,-0.199517446176671
20150501,cpi,-0.0399327448507786
20150601,cpi,0.123771203685437
20150701,cpi,0.169569779643239
20150801,cpi,0.195079293005739
20150901,cpi,-0.0361297478059604
20151001,cpi,0.170574435735552
20151101,cpi,0.50179757866789
20151201,cpi,0.729519786041588
20160101,cpi,1.37308681383099
20160201,cpi,1.01779978016547
20160301,cpi,0.852536221142725
20160401,cpi,1.1251104188944
20160501,cpi,1.01932255419356
20160601,cpi,0.997326494523103
20160701,cpi,0.827138870498702
20160801,cpi,1.06287450276103
20160901,cpi,1.46378364748156
20161001,cpi,1.63598752091761
20161101,cpi,1.69253716250379
20161201,cpi,2.07462213296692
20170101,cpi,2.500042209053
20170201,cpi,2.73795817148932
20170301,cpi,2.38061243344025
20170401,cpi,2.1996898784173
20170501,cpi,1.87487772084135
20170601,cpi,1.63348795525645
20170701,cpi,1.72797845637249
20170801,cpi,1.93897421205819
20170901,cpi,2.23296386500322
20171001,cpi,2.04112870197618
20171101,cpi,2.20258293868318
20171201,cpi,2.1090824745684
20180101,cpi,2.07050762027517
20180201,cpi,2.21179542123865
20180301,cpi,2.35971140397293
19600101,exports,1.567e+09
19600201,exports,1.584e+09
19600301,exports,1.755e+09
19600401,exports,1.819e+09
19600501,exports,1.816e+09
19600601,exports,1.747e+09
19600701,exports,1.705e+09
19600801,exports,1.624e+09
19600901,exports,1.617e+09
19601001,exports,1.75e+09
19601101,exports,1.804e+09
19601201,exports,1.811e+09
19610101,exports,1.653e+09
19610201,exports,1.68e+09
19610301,exports,1.943e+09
19610401,exports,1.712e+09
19610501,exports,1.755e+09
19610601,exports,1.711e+09
19610701,exports,1.653e+09
19610801,exports,1.673e+09
19610901,exports,1.641e+09
19611001,exports,1.91e+09
19611101,exports,1.853e+09
19611201,exports,1.854e+09
19620101,exports,1.667e+09
19620201,exports,1.781e+09
19620301,exports,1.852e+09
19620401,exports,1.891e+09
19620501,exports,1.977e+09
19620601,exports,1.979e+09
19620701,exports,1.711e+09
19620801,exports,1.687e+09
19620901,exports,1.766e+09
19621001,exports,1.625e+09
19621101,exports,1.869e+09
19621201,exports,1.912e+09
19630101,exports,1.013e+09
19630201,exports,2.102e+09
19630301,exports,2.133e+09
19630401,exports,2.06e+09
19630501,exports,2.173e+09
19630601,exports,1.872e+09
19630701,exports,1.835e+09
19630801,exports,1.914e+09
19630901,exports,1.829e+09
19631001,exports,2.089e+09
19631101,exports,2.116e+09
19631201,exports,2.213e+09
19640101,exports,2.128e+09
19640201,exports,2.104e+09
19640301,exports,2.194e+09
19640401,exports,2.226e+09
19640501,exports,2.276e+09
19640601,exports,2.117e+09
19640701,exports,2.123e+09
19640801,exports,1.975e+09
19640901,exports,2.141e+09
19641001,exports,2.321e+09
19641101,exports,2.274e+09
19641201,exports,2.628e+09
19650101,exports,1.247e+09
19650201,exports,1.598e+09
19650301,exports,2.974e+09
19650401,exports,2.613e+09
19650501,exports,2.428e+09
19650601,exports,2.336e+09
19650701,exports,2.29e+09
19650801,exports,2.189e+09
19650901,exports,2.162e+09
19651001,exports,2.489e+09
19651101,exports,2.503e+09
19651201,exports,2.65e+09
19660101,exports,2.13e+09
19660201,exports,2.295e+09
19660301,exports,2.812e+09
19660401,exports,2.599e+09
19660501,exports,2.616e+09
19660601,exports,2.569e+09
19660701,exports,2.426e+09
19660801,exports,2.345e+09
19660901,exports,2.492e+09
19661001,exports,2.693e+09
19661101,exports,2.627e+09
19661201,exports,2.716e+09
19670101,exports,2.526e+09
19670201,exports,2.467e+09
19670301,exports,2.829e+09
19670401,exports,2.704e+09
19670501,exports,2.725e+09
19670601,exports,2.667e+09
19670701,exports,2.419e+09
19670801,exports,2.488e+09
19670901,exports,2.546e+09
19671001,exports,2.487e+09
19671101,exports,2.796e+09
19671201,exports,2.872e+09
19680101,exports,2.709e+09
19680201,exports,2.719e+09
19680301,exports,2.643e+09
19680401,exports,2.964e+09
19680501,exports,2.949e+09
19680601,exports,2.8e+09
19680701,exports,2.7e+09
19680801,exports,2.819e+09
19680901,exports,2.969e+09
19681001,exports,2.738e+09
19681101,exports,3.162e+09
19681201,exports,3.056e+09
19690101,exports,2.112e+09
19690201,exports,2.194e+09
19690301,exports,3.419e+09
19690401,exports,3.564e+09
19690501,exports,3.6e+09
19690601,exports,3.168e+09
19690701,exports,3.043e+09
19690801,exports,3.213e+09
19690901,exports,3.184e+09
19691001,exports,3.618e+09
19691101,exports,3.469e+09
19691201,exports,3.421e+09
19700101,exports,3.291e+09
19700201,exports,3.431e+09
19700301,exports,3.619e+09
19700401,exports,3.647e+09
19700501,exports,3.94e+09
19700601,exports,3.766e+09
19700701,exports,3.597e+09
19700801,exports,3.305e+09
19700901,exports,3.374e+09
19701001,exports,3.974e+09
19701101,exports,3.545e+09
19701201,exports,3.736e+09
19710101,exports,3.53e+09
19710201,exports,3.559e+09
19710301,exports,4.156e+09
19710401,exports,3.856e+09
19710501,exports,3.964e+09
19710601,exports,3.741e+09
19710701,exports,3.396e+09
19710801,exports,3.424e+09
19710901,exports,4.26e+09
19711001,exports,2.891e+09
19711101,exports,3.264e+09
19711201,exports,4.088e+09
19720101,exports,3.864e+09
19720201,exports,3.816e+09
19720301,exports,4.345e+09
19720401,exports,3.938e+09
19720501,exports,4.189e+09
19720601,exports,4.051e+09
19720701,exports,3.743e+09
19720801,exports,3.975e+09
19720901,exports,4.007e+09
19721001,exports,4.504e+09
19721101,exports,4.609e+09
19721201,exports,4.718e+09
19730101,exports,4.774e+09
19730201,exports,4.903e+09
19730301,exports,5.978e+09
19730401,exports,5.598e+09
19730501,exports,6.066e+09
19730601,exports,5.898e+09
19730701,exports,5.397e+09
19730801,exports,5.817e+09
19730901,exports,6.021e+09
19731001,exports,6.785e+09
19731101,exports,7.136e+09
19731201,exports,6.965e+09
19740101,exports,6.867e+09
19740201,exports,7.334e+09
19740301,exports,8.526e+09
19740401,exports,8.409e+09
19740501,exports,8.49e+09
19740601,exports,8.385e+09
19740701,exports,7.695e+09
19740801,exports,7.998e+09
19740901,exports,7.672e+09
19741001,exports,8.994e+09
19741101,exports,9.396e+09
19741201,exports,8.743e+09
19750101,exports,9.203e+09
19750201,exports,8.545e+09
19750301,exports,9.444e+09
19750401,exports,9.085e+09
19750501,exports,8.961e+09
19750601,exports,8.694e+09
19750701,exports,8.249e+09
19750801,exports,8.461e+09
19750901,exports,8.381e+09
19751001,exports,9.756e+09
19751101,exports,9.531e+09
19751201,exports,9.337e+09
19760101,exports,8.77e+09
19760201,exports,8.757e+09
19760301,exports,9.845e+09
19760401,exports,9.847e+09
19760501,exports,9.985e+09
19760601,exports,9.875e+09
19760701,exports,9.356e+09
19760801,exports,8.983e+09
19760901,exports,9.263e+09
19761001,exports,1.0168e+10
19761101,exports,9.707e+09
19761201,exports,1.0847e+10
19770101,exports,9120300000
19770201,exports,9469900000
19770301,exports,11050500000
19770401,exports,10528400000
19770501,exports,10969700000
19770601,exports,10279600000
19770701,exports,9739600000
19770801,exports,8984100000
19770901,exports,10367500000
19771001,exports,9554800000
19771101,exports,9690200000
19771201,exports,11396100000
19780101,exports,9364200000
19780201,exports,9510600000
19780301,exports,12069500000
19780401,exports,12065400000
19780501,exports,12480800000
19780601,exports,12479900000
19780701,exports,10935700000
19780801,exports,11613700000
19780901,exports,12713900000
19781001,exports,13155800000
19781101,exports,13652100000
19781201,exports,13531300000
19790101,exports,12558200000
19790201,exports,12928600000
19790301,exports,15585300000
19790401,exports,14257400000
19790501,exports,14813400000
19790601,exports,1.5346e+10
19790701,exports,14728100000
19790801,exports,1.4979e+10
19790901,exports,14921900000
19791001,exports,1.7277e+10
19791101,exports,17301800000
19791201,exports,16954100000
19800101,exports,16354600000
19800201,exports,16964300000
19800301,exports,19680200000
19800401,exports,1.9142e+10
19800501,exports,18766300000
19800601,exports,18681600000
19800701,exports,17181100000
19800801,exports,17938900000
19800901,exports,17807200000
19801001,exports,19952600000
19801101,exports,18614200000
19801201,exports,19543100000
19810101,exports,17962200000
19810201,exports,1.8838e+10
19810301,exports,22917700000
19810401,exports,20509300000
19810501,exports,19986100000
19810601,exports,20254700000
19810701,exports,18565200000
19810801,exports,17764200000
19810901,exports,18816100000
19811001,exports,19893500000
19811101,exports,1.904e+10
19811201,exports,1.913e+10
19820101,exports,17507900000
19820201,exports,17635500000
19820301,exports,20151700000
19820401,exports,18605200000
19820501,exports,18992400000
19820601,exports,19413300000
19820701,exports,17252200000
19820801,exports,16249900000
19820901,exports,16712600000
19821001,exports,1.7267e+10
19821101,exports,15689200000
19821201,exports,16716400000
19830101,exports,16200600000
19830201,exports,15531500000
19830301,exports,18327500000
19830401,exports,16707600000
19830501,exports,16228500000
19830601,exports,17555300000
19830701,exports,15894100000
19830801,exports,15638700000
19830901,exports,1.6844e+10
19831001,exports,17244400000
19831101,exports,16812200000
19831201,exports,17501400000
19840101,exports,16765700000
19840201,exports,17038800000
19840301,exports,19358800000
19840401,exports,17900100000
19840501,exports,19008900000
19840601,exports,18734300000
19840701,exports,17657200000
19840801,exports,18219400000
19840901,exports,17411900000
19841001,exports,18736800000
19841101,exports,1.863e+10
19841201,exports,19260900000
19850101,exports,17427800000
19850201,exports,17846300000
19850301,exports,1.9765e+10
19850401,exports,17984300000
19850501,exports,18915400000
19850601,exports,18067700000
19850701,exports,1.6553e+10
19850801,exports,16401300000
19850901,exports,16790100000
19851001,exports,17867900000
19851101,exports,17742900000
19851201,exports,17417200000
19860101,exports,17605300000
19860201,exports,18052800000
19860301,exports,19426600000
19860401,exports,19038700000
19860501,exports,19471200000
19860601,exports,20496700000
19860701,exports,18829400000
19860801,exports,17323200000
19860901,exports,17785300000
19861001,exports,20357200000
19861101,exports,19354700000
19861201,exports,19417400000
19870101,exports,17345900000
19870201,exports,18853900000
19870301,exports,21835500000
19870401,exports,20677700000
19870501,exports,20759500000
19870601,exports,21636700000
19870701,exports,2.1379e+10
19870801,exports,20079100000
19870901,exports,21183700000
19871001,exports,22777800000
19871101,exports,23278700000
19871201,exports,24314400000
19880101,exports,23161600000
19880201,exports,24315600000
19880301,exports,29342800000
19880401,exports,26727800000
19880501,exports,28192700000
19880601,exports,26802500000
19880701,exports,25186400000
19880801,exports,2.6539e+10
19880901,exports,27066600000
19881001,exports,28544100000
19881101,exports,27565200000
19881201,exports,28982100000
19890101,exports,27540800000
19890201,exports,27926600000
19890301,exports,33243300000
19890401,exports,31052400000
19890501,exports,31495700000
19890601,exports,31820400000
19890701,exports,28707700000
19890801,exports,29405900000
19890901,exports,29709500000
19891001,exports,31756200000
19891101,exports,3.0279e+10
19891201,exports,3.0874e+10
19900101,exports,30664100000
19900201,exports,30961800000
19900301,exports,35970600000
19900401,exports,32617100000
19900501,exports,33538700000
19900601,exports,34470200000
19900701,exports,30736200000
19900801,exports,31722900000
19900901,exports,31444300000
19901001,exports,35310300000
19901101,exports,3.3267e+10
19901201,exports,3.2889e+10
19910101,exports,3.3165e+10
19910201,exports,32774700000
19910301,exports,36819800000
19910401,exports,3.6137e+10
19910501,exports,36023600000
19910601,exports,35479800000
19910701,exports,33443900000
19910801,exports,33632700000
19910901,exports,34391300000
19911001,exports,37896500000
19911101,exports,36969600000
19911201,exports,34996100000
19920101,exports,3.4514e+10
19920201,exports,3.6898e+10
19920301,exports,3.9817e+10
19920401,exports,3.7153e+10
19920501,exports,3.6737e+10
19920601,exports,3.9094e+10
19920701,exports,3.5979e+10
19920801,exports,3.4838e+10
19920901,exports,3.6811e+10
19921001,exports,4.0115e+10
19921101,exports,3.767e+10
19921201,exports,3.8537e+10
19930101,exports,3.5958e+10
19930201,exports,3.607e+10
19930301,exports,4.1999e+10
19930401,exports,3.942e+10
19930501,exports,3.987e+10
19930601,exports,3.8624e+10
19930701,exports,3.5465e+10
19930801,exports,3.6876e+10
19930901,exports,3.7956e+10
19931001,exports,4.1148e+10
19931101,exports,4.0294e+10
19931201,exports,4.1412e+10
19940101,exports,3.7561e+10
19940201,exports,3.7126e+10
19940301,exports,4.6139e+10
19940401,exports,4.1587e+10
19940501,exports,4.2215e+10
19940601,exports,4.3425e+10
19940701,exports,3.9218e+10
19940801,exports,4.3589e+10
19940901,exports,4.3766e+10
19941001,exports,4.5314e+10
19941101,exports,4.5674e+10
19941201,exports,4.7013e+10
19950101,exports,4.3633e+10
19950201,exports,4.4999e+10
19950301,exports,5.2579e+10
19950401,exports,4.7808e+10
19950501,exports,4.9855e+10
19950601,exports,4.9393e+10
19950701,exports,4.439e+10
19950801,exports,4.8972e+10
19950901,exports,4.9723e+10
19951001,exports,5.1828e+10
19951101,exports,5.071e+10
19951201,exports,5.0853e+10
19960101,exports,4.7767e+10
19960201,exports,5.1112e+10
19960301,exports,5.4952e+10
19960401,exports,5.1872e+10
19960501,exports,5.3359e+10
19960601,exports,5.1821e+10
19960701,exports,4.7598e+10
19960801,exports,5.1575e+10
19960901,exports,5.0598e+10
19961001,exports,5.6107e+10
19961101,exports,5.5016e+10
19961201,exports,5.3295e+10
19970101,exports,5.0591e+10
19970201,exports,5.3153e+10
19970301,exports,6.1201e+10
19970401,exports,5.818e+10
19970501,exports,5.8738e+10
19970601,exports,5.8049e+10
19970701,exports,5.4909e+10
19970801,exports,5.6662e+10
19970901,exports,5.747e+10
19971001,exports,6.2402e+10
19971101,exports,5.8164e+10
19971201,exports,5.9664e+10
19980101,exports,5.5172e+10
19980201,exports,5.5234e+10
19980301,exports,6.2297e+10
19980401,exports,5.6675e+10
19980501,exports,5.6672e+10
19980601,exports,5.6994e+10
19980701,exports,5.1577e+10
19980801,exports,5.342e+10
19980901,exports,5.5627e+10
19981001,exports,6.1313e+10
19981101,exports,5.8395e+10
19981201,exports,5.8762e+10
19990101,exports,5.2436e+10
19990201,exports,5.3279e+10
19990301,exports,6.0889e+10
19990401,exports,5.7283e+10
19990501,exports,5.6489e+10
19990601,exports,5.7825e+10
19990701,exports,5.2998e+10
19990801,exports,5.7439e+10
19990901,exports,5.9431e+10
19991001,exports,6.2973e+10
19991101,exports,6.0948e+10
19991201,exports,6.3808e+10
20000101,exports,5.7679e+10
20000201,exports,6.1179e+10
20000301,exports,6.8948e+10
20000401,exports,6.3302e+10
20000501,exports,6.4673e+10
20000601,exports,6.8002e+10
20000701,exports,6.0029e+10
20000801,exports,6.8255e+10
20000901,exports,6.7391e+10
20001001,exports,6.9635e+10
20001101,exports,6.7614e+10
20001201,exports,6.5211e+10
20010101,exports,6.2161e+10
20010201,exports,6.2743e+10
20010301,exports,7.0358e+10
20010401,exports,6.2015e+10
20010501,exports,6.4931e+10
20010601,exports,6.3333e+10
20010701,exports,5.4611e+10
20010801,exports,6.0111e+10
20010901,exports,5.5232e+10
20011001,exports,6.0701e+10
20011101,exports,5.79e+10
20011201,exports,5.5003e+10
20020101,exports,5.2667e+10
20020201,exports,5.3061e+10
20020301,exports,6.0728e+10
20020401,exports,5.8146e+10
20020501,exports,5.9884e+10
20020601,exports,5.992e+10
20020701,exports,5.5032e+10
20020801,exports,5.9491e+10
20020901,exports,5.7277e+10
20021001,exports,6.1975e+10
20021101,exports,5.9671e+10
20021201,exports,5.5249e+10
20030101,exports,5.4854e+10
20030201,exports,5.5917e+10
20030301,exports,6.3524e+10
20030401,exports,5.9162e+10
20030501,exports,5.9983e+10
20030601,exports,6.157e+10
20030701,exports,5.707e+10
20030801,exports,5.8611e+10
20030901,exports,6.0239e+10
20031001,exports,6.6389e+10
20031101,exports,6.4492e+10
20031201,exports,6.2959e+10
20040101,exports,5.9083e+10
20040201,exports,6.3418e+10
20040301,exports,7.4195e+10
20040401,exports,6.777e+10
20040501,exports,6.9615e+10
20040601,exports,6.8747e+10
20040701,exports,6.424e+10
20040801,exports,6.7571e+10
20040901,exports,6.9561e+10
20041001,exports,7.349e+10
20041101,exports,6.9613e+10
20041201,exports,7.1473e+10
20050101,exports,6.6328e+10
20050201,exports,6.8441e+10
20050301,exports,7.9954e+10
20050401,exports,7.6424e+10
20050501,exports,7.6073e+10
20050601,exports,7.8052e+10
20050701,exports,7.0609e+10
20050801,exports,7.7373e+10
20050901,exports,7.4381e+10
20051001,exports,7.9552e+10
20051101,exports,7.8879e+10
20051201,exports,7.991e+10
20060101,exports,7.504e+10
20060201,exports,7.775e+10
20060301,exports,9.1864e+10
20060401,exports,8.3097e+10
20060501,exports,8.7746e+10
20060601,exports,9.0622e+10
20060701,exports,8.0023e+10
20060801,exports,8.9228e+10
20060901,exports,8.8408e+10
20061001,exports,9.2468e+10
20061101,exports,9.1367e+10
20061201,exports,8.9021e+10
20070101,exports,8.5128e+10
20070201,exports,8.3797e+10
20070301,exports,9.9459e+10
20070401,exports,9.0877e+10
20070501,exports,9.6726e+10
20070601,exports,9.7886e+10
20070701,exports,9.065e+10
20070801,exports,9.9867e+10
20070901,exports,9.6866e+10
20071001,exports,1.04976e+11
20071101,exports,1.01936e+11
20071201,exports,1.0003e+11
20080101,exports,9.8677e+10
20080201,exports,1.0474e+11
20080301,exports,1.10932e+11
20080401,exports,1.09857e+11
20080501,exports,1.12627e+11
20080601,exports,1.16787e+11
20080701,exports,1.14522e+11
20080801,exports,1.16418e+11
20080901,exports,1.06072e+11
20081001,exports,1.11239e+11
20081101,exports,9.7085e+10
20081201,exports,8.8486e+10
20090101,exports,7.8151e+10
20090201,exports,8.0349e+10
20090301,exports,8.7848e+10
20090401,exports,8.0822e+10
20090501,exports,8.3651e+10
20090601,exports,8.683e+10
20090701,exports,8.5635e+10
20090801,exports,8.7315e+10
20090901,exports,9.1458e+10
20091001,exports,1.00005e+11
20091101,exports,9.4607e+10
20091201,exports,9.9372e+10
20100101,exports,9.2601e+10
20100201,exports,9.3854e+10
20100301,exports,1.10511e+11
20100401,exports,1.02443e+11
20100501,exports,1.05477e+11
20100601,exports,1.07202e+11
20100701,exports,1.04057e+11
20100801,exports,1.06846e+11
20100901,exports,1.07644e+11
20101001,exports,1.17104e+11
20101101,exports,1.13046e+11
20101201,exports,1.1748e+11
20110101,exports,1.10186e+11
20110201,exports,1.09539e+11
20110301,exports,1.31724e+11
20110401,exports,1.24047e+11
20110501,exports,1.24066e+11
20110601,exports,1.23047e+11
20110701,exports,1.20245e+11
20110801,exports,1.26734e+11
20110901,exports,1.27031e+11
20111001,exports,1.31088e+11
20111101,exports,1.25693e+11
20111201,exports,1.26891e+11
20120101,exports,1.17847e+11
20120201,exports,1.23613e+11
20120301,exports,1.40254e+11
20120401,exports,1.27416e+11
20120501,exports,1.31232e+11
20120601,exports,1.32577e+11
20120701,exports,1.214e+11
20120801,exports,1.28585e+11
20120901,exports,1.28254e+11
20121001,exports,1.33627e+11
20121101,exports,1.3017e+11
20121201,exports,1.30728e+11
20130101,exports,1.23053e+11
20130201,exports,1.23439e+11
20130301,exports,1.36635e+11
20130401,exports,1.29438e+11
20130501,exports,1.32965e+11
20130601,exports,1.34528e+11
20130701,exports,1.27268e+11
20130801,exports,1.32574e+11
20130901,exports,1.28387e+11
20131001,exports,1.42076e+11
20131101,exports,1.36191e+11
20131201,exports,1.31887e+11
20140101,exports,1.26584e+11
20140201,exports,1.23611e+11
20140301,exports,1.42233e+11
20140401,exports,1.33924e+11
20140501,exports,1.38174e+11
20140601,exports,1.38408e+11
20140701,exports,1.33264e+11
20140801,exports,1.37459e+11
20140901,exports,1.336e+11
20141001,exports,1.45527e+11
20141101,exports,1.34691e+11
20141201,exports,1.33695e+11
20150101,exports,1.2088e+11
20150201,exports,1.18237e+11
20150301,exports,1.33664e+11
20150401,exports,1.2851e+11
20150501,exports,1.28161e+11
20150601,exports,1.30949e+11
20150701,exports,1.24201e+11
20150801,exports,1.22722e+11
20150901,exports,1.24853e+11
20151001,exports,1.30333e+11
20151101,exports,1.20522e+11
20151201,exports,1.2007e+11
20160101,exports,1.07968e+11
20160201,exports,1.13363e+11
20160301,exports,1.25425e+11
20160401,exports,1.18645e+11
20160501,exports,1.19625e+11
20160601,exports,1.25098e+11
20160701,exports,1.1581e+11
20160801,exports,1.22529e+11
20160901,exports,1.24431e+11
20161001,exports,1.2844e+11
20161101,exports,1.23034e+11
20161201,exports,1.26642e+11
20170101,exports,1.18004e+11
20170201,exports,1.19238e+11
20170301,exports,1.35663e+11
20170401,exports,1.23765e+11
20170501,exports,1.28052e+11
20170601,exports,1.33267e+11
20170701,exports,1.2212e+11
20170801,exports,1.28892e+11
20170901,exports,1.30112e+11
20171001,exports,1.35856e+11
20171101,exports,1.3537e+11
20171201,exports,1.36386e+11
20180101,exports,1.25219e+11
20180201,exports,1.28057e+11
20180301,exports,1.49083e+11
